"badge","thumbnail-wrapper href","thumbnail-wrapper src","detail-bnt href","product-title","product-available","star-rating","rating","count-rating","rating-text","woocommerce-Price-amount","screen-reader-text","woocommerce-Price-amount 2","woocommerce-Price-currencySymbol 2","screen-reader-text 2","button-primary","button-primary href"
"23%","https://klbtheme.com/bacola/product/all-natural-italian-style-chicken-meatballs/","https://klbtheme.com/bacola/wp-content/uploads/2021/04/product-image-62-346x310.jpg","https://klbtheme.com/bacola/shop/430","All Natural Italian-Style Chicken Meatballs","In Stock","Rated  out of 5","4.00","1","Ratings","9.35","Original price was: $9.35.","7.25","$","Current price is: $7.25.","Add to cart","https://klbtheme.com/bacola/shop/?add-to-cart=430"
"","https://klbtheme.com/bacola/product/angies-boomchickapop-sweet-salty-kettle-corn/","https://klbtheme.com/bacola/wp-content/uploads/2021/04/product-image-60-346x310.jpg","https://klbtheme.com/bacola/shop/424","Angie’s Boomchickapop Sweet & Salty Kettle Corn","In Stock","Rated  out of 5","4.00","1","Ratings","7.99","This product has multiple variants. The options may be chosen on the product page","","","","Select options","https://klbtheme.com/bacola/product/angies-boomchickapop-sweet-salty-kettle-corn/"
"19%","https://klbtheme.com/bacola/product/field-roast-chao-cheese-creamy-original/","https://klbtheme.com/bacola/wp-content/uploads/2021/04/product-image-46-346x310.jpg","https://klbtheme.com/bacola/shop/376","Field Roast Chao Cheese Creamy Original","In Stock","Rated  out of 5","5.00","1","Ratings","24.00","Original price was: $24.00.","19.50","$","Current price is: $19.50.","Add to cart","https://klbtheme.com/bacola/shop/?add-to-cart=376"
"","https://klbtheme.com/bacola/product/foster-farms-takeout-crispy-classic-buffalo-wings/","https://klbtheme.com/bacola/wp-content/uploads/2021/04/product-image-45-346x310.jpg","https://klbtheme.com/bacola/shop/373","Foster Farms Takeout Crispy Classic Buffalo Wings","In Stock","Rated  out of 5","4.00","1","Ratings","7.25","","49.99","$","","View products","https://klbtheme.com/bacola/product/foster-farms-takeout-crispy-classic-buffalo-wings/"
"10%","https://klbtheme.com/bacola/product/blue-diamond-almonds-lightly-salted/","https://klbtheme.com/bacola/wp-content/uploads/2021/04/product-image-59-346x310.jpg","https://klbtheme.com/bacola/shop/420","Blue Diamond Almonds Lightly Salted","In Stock","Rated  out of 5","5.00","1","Ratings","11.68","Original price was: $11.68.","10.58","$","Current price is: $10.58.","Add to cart","https://klbtheme.com/bacola/shop/?add-to-cart=420"
"12%","https://klbtheme.com/bacola/product/blueberries-1-pint-package/","https://klbtheme.com/bacola/wp-content/uploads/2021/04/product-image-58-346x310.jpg","https://klbtheme.com/bacola/shop/416","Blueberries – 1 Pint Package","In Stock","Rated  out of 5","3.00","1","Ratings","4.49","Original price was: $4.49.","3.99","$","Current price is: $3.99.","Add to cart","https://klbtheme.com/bacola/shop/?add-to-cart=416"
"29%","https://klbtheme.com/bacola/product/fresh-organic-broccoli-crowns/","https://klbtheme.com/bacola/wp-content/uploads/2021/04/product-image-57-346x310.jpg","https://klbtheme.com/bacola/shop/413","Fresh Organic Broccoli Crowns","In Stock","Rated  out of 5","4.00","1","Ratings","6.77","Original price was: $6.77.","4.85","$","Current price is: $4.85.","Add to cart","https://klbtheme.com/bacola/shop/?add-to-cart=413"
"19%","https://klbtheme.com/bacola/product/chobani-complete-vanilla-greek-yogurt/","https://klbtheme.com/bacola/wp-content/uploads/2021/04/product-image-50-346x310.jpg","https://klbtheme.com/bacola/shop/390","Chobani Complete Vanilla Greek Yogurt","In Stock","Rated  out of 5","5.00","1","Ratings","5.49","Original price was: $5.49.","4.49","$","Current price is: $4.49.","Add to cart","https://klbtheme.com/bacola/shop/?add-to-cart=390"
"21%","https://klbtheme.com/bacola/product/fresh-brown-coconut/","https://klbtheme.com/bacola/wp-content/uploads/2021/04/product-image-56-346x310.jpg","https://klbtheme.com/bacola/shop/411","Fresh Brown Coconut","In Stock","Rated  out of 5","5.00","1","Ratings","19.58","Original price was: $19.58.","15.48","$","Current price is: $15.48.","Add to cart","https://klbtheme.com/bacola/shop/?add-to-cart=411"
"61%","https://klbtheme.com/bacola/product/american-cheese-singles/","https://klbtheme.com/bacola/wp-content/uploads/2021/04/product-image-61-346x310.jpg","https://klbtheme.com/bacola/shop/428","American Cheese Singles","In Stock","Rated  out of 5","3.00","1","Ratings","8.29","Original price was: $8.29.","3.29","$","Current price is: $3.29.","Add to cart","https://klbtheme.com/bacola/shop/?add-to-cart=428"
"","https://klbtheme.com/bacola/product/100-butter-french-croissants/","https://klbtheme.com/bacola/wp-content/uploads/2021/04/product-image-55-346x310.jpg","https://klbtheme.com/bacola/shop/409","100% Butter French Croissants","In Stock","Rated  out of 5","5.00","1","Ratings","1.44","","","","","Add to cart","https://klbtheme.com/bacola/shop/?add-to-cart=409"
"41%","https://klbtheme.com/bacola/product/canada-dry-ginger-ale-2-l-bottle/","https://klbtheme.com/bacola/wp-content/uploads/2021/04/product-image-54-346x310.jpg","https://klbtheme.com/bacola/shop/406","Canada Dry Ginger Ale – 2 L Bottle","In Stock","Rated  out of 5","4.00","1","Ratings","6.45","Original price was: $6.45.","3.85","$","Current price is: $3.85.","Add to cart","https://klbtheme.com/bacola/shop/?add-to-cart=406"
"","https://klbtheme.com/bacola/product/fresh-produce-melons-each/","https://klbtheme.com/bacola/wp-content/uploads/2021/04/product-image-53-346x310.jpg","https://klbtheme.com/bacola/shop/page/2/401","Fresh Produce Melons Each","In Stock","Rated  out of 5","3.00","1","Ratings","7.49","","","","","Add to cart","https://klbtheme.com/bacola/shop/page/2/?add-to-cart=401"
"15%","https://klbtheme.com/bacola/product/fresh-cavendish-bananas/","https://klbtheme.com/bacola/wp-content/uploads/2021/04/product-image-52-346x310.jpg","https://klbtheme.com/bacola/shop/page/2/397","Fresh Cavendish Bananas","In Stock","Rated  out of 5","5.00","1","Ratings","8.89","Original price was: $8.89.","7.58","$","Current price is: $7.58.","Add to cart","https://klbtheme.com/bacola/shop/page/2/?add-to-cart=397"
"","https://klbtheme.com/bacola/product/challenge-spreadable-butter/","https://klbtheme.com/bacola/wp-content/uploads/2021/04/product-image-51-346x310.jpg","https://klbtheme.com/bacola/shop/page/2/393","Challenge Spreadable Butter","In Stock","Rated  out of 5","4.00","1","Ratings","7.58","","","","","Add to cart","https://klbtheme.com/bacola/shop/page/2/?add-to-cart=393"
"","https://klbtheme.com/bacola/product/coca-cola-2-l-bottle/","https://klbtheme.com/bacola/wp-content/uploads/2021/04/product-image-49-346x310.jpg","https://klbtheme.com/bacola/shop/page/2/387","Coca-Cola – 2 L Bottle","In Stock","Rated  out of 5","4.00","1","Ratings","3.85","","","","","Add to cart","https://klbtheme.com/bacola/shop/page/2/?add-to-cart=387"
"16%","https://klbtheme.com/bacola/product/encore-seafoods-stuffed-alaskan-salmon/","https://klbtheme.com/bacola/wp-content/uploads/2021/04/product-image-48-346x310.jpg","https://klbtheme.com/bacola/shop/page/2/383","Encore Seafoods Stuffed Alaskan Salmon","In Stock","Rated  out of 5","5.00","1","Ratings","32.49","Original price was: $32.49.","27.49","$","Current price is: $27.49.","Add to cart","https://klbtheme.com/bacola/shop/page/2/?add-to-cart=383"
"","https://klbtheme.com/bacola/product/fairlife-lactose-free-2-milk/","https://klbtheme.com/bacola/wp-content/uploads/2021/04/product-image-47-346x310.jpg","https://klbtheme.com/bacola/shop/page/2/379","Fairlife Lactose-Free 2% Milk","In Stock","Rated  out of 5","4.00","1","Ratings","3.69","","","","","Add to cart","https://klbtheme.com/bacola/shop/page/2/?add-to-cart=379"
"16%","https://klbtheme.com/bacola/product/fresh-organic-kiwi/","https://klbtheme.com/bacola/wp-content/uploads/2021/04/product-image-44-346x310.jpg","https://klbtheme.com/bacola/shop/page/2/371","Fresh Organic Kiwi","In Stock","Rated  out of 5","5.00","1","Ratings","6.28","Original price was: $6.28.","5.28","$","Current price is: $5.28.","Add to cart","https://klbtheme.com/bacola/shop/page/2/?add-to-cart=371"
"38%","https://klbtheme.com/bacola/product/frozen-beef-cheese-mini-tacos/","https://klbtheme.com/bacola/wp-content/uploads/2021/04/product-image-43-346x310.jpg","https://klbtheme.com/bacola/shop/page/2/368","Frozen Beef & Cheese Mini Tacos","In Stock","Rated  out of 5","4.00","1","Ratings","7.99","Original price was: $7.99.","4.99","$","Current price is: $4.99.","Add to cart","https://klbtheme.com/bacola/shop/page/2/?add-to-cart=368"
"","https://klbtheme.com/bacola/product/fresh-organic-garlic/","https://klbtheme.com/bacola/wp-content/uploads/2021/04/product-image-42-346x310.jpg","https://klbtheme.com/bacola/shop/page/2/366","Fresh Organic Garlic","In Stock","Rated  out of 5","5.00","1","Ratings","3.48","","","","","Add to cart","https://klbtheme.com/bacola/shop/page/2/?add-to-cart=366"
"41%","https://klbtheme.com/bacola/product/gortons-beer-battered-fish-fillets/","https://klbtheme.com/bacola/wp-content/uploads/2021/04/product-image-41-346x310.jpg","https://klbtheme.com/bacola/shop/page/2/362","Gorton’s Beer Battered Fish Fillets","In Stock","Rated  out of 5","4.00","1","Ratings","4.98","Original price was: $4.98.","2.98","$","Current price is: $2.98.","Add to cart","https://klbtheme.com/bacola/shop/page/2/?add-to-cart=362"
"","https://klbtheme.com/bacola/product/green-giant-veggie-spirals/","https://klbtheme.com/bacola/wp-content/uploads/2021/04/product-image-40-346x310.jpg","https://klbtheme.com/bacola/shop/page/2/358","Green Giant Veggie Spirals","In Stock","Rated  out of 5","4.00","1","Ratings","3.59","","","","","Add to cart","https://klbtheme.com/bacola/shop/page/2/?add-to-cart=358"
"15%","https://klbtheme.com/bacola/product/organic-green-grapes/","https://klbtheme.com/bacola/wp-content/uploads/2021/04/product-image-39-346x310.jpg","https://klbtheme.com/bacola/shop/page/2/356","Organic Green Grapes","In Stock","Rated  out of 5","3.00","1","Ratings","6.75","Original price was: $6.75.","5.75","$","Current price is: $5.75.","Add to cart","https://klbtheme.com/bacola/shop/page/2/?add-to-cart=356"
"47%","https://klbtheme.com/bacola/product/haagen-dazs-caramel-cone-ice-cream/","https://klbtheme.com/bacola/wp-content/uploads/2021/04/product-image-38-346x310.jpg","https://klbtheme.com/bacola/shop/page/3/352","Haagen-Dazs Caramel Cone Ice Cream","In Stock","Rated  out of 5","5.00","1","Ratings","6.48","Original price was: $6.48.","3.48","$","Current price is: $3.48.","Add to cart","https://klbtheme.com/bacola/shop/page/3/?add-to-cart=352"
"","https://klbtheme.com/bacola/product/heinz-tomato-ketchup/","https://klbtheme.com/bacola/wp-content/uploads/2021/04/product-image-37-346x310.jpg","https://klbtheme.com/bacola/shop/page/3/348","Heinz Tomato Ketchup","In Stock","Rated  out of 5","5.00","1","Ratings","2.88","","","","","Add to cart","https://klbtheme.com/bacola/shop/page/3/?add-to-cart=348"
"38%","https://klbtheme.com/bacola/product/hellmanns-mayonnaise-real/","https://klbtheme.com/bacola/wp-content/uploads/2021/04/product-image-36-346x310.jpg","https://klbtheme.com/bacola/shop/page/3/343","Hellmann’s Mayonnaise Real","In Stock","Rated  out of 5","5.00","1","Ratings","13.25","Original price was: $13.25.","8.25","$","Current price is: $8.25.","Add to cart","https://klbtheme.com/bacola/shop/page/3/?add-to-cart=343"
"","https://klbtheme.com/bacola/product/lemon-cream-crunch-cookies/","https://klbtheme.com/bacola/wp-content/uploads/2021/04/product-image-35-346x310.jpg","https://klbtheme.com/bacola/shop/page/3/339","Lemon Cream Crunch Cookies","In Stock","Rated  out of 5","4.00","1","Ratings","4.99","","","","","Add to cart","https://klbtheme.com/bacola/shop/page/3/?add-to-cart=339"
"11%","https://klbtheme.com/bacola/product/naturally-flavored-cinnamon-vanilla-light-roast-coffee/","https://klbtheme.com/bacola/wp-content/uploads/2021/04/product-image-34-346x310.jpg","https://klbtheme.com/bacola/shop/page/3/334","Naturally Flavored Cinnamon Vanilla Light Roast Coffee","In Stock","Rated  out of 5","4.00","1","Ratings","9.50","Original price was: $9.50.","8.50","$","Current price is: $8.50.","Add to cart","https://klbtheme.com/bacola/shop/page/3/?add-to-cart=334"
"","https://klbtheme.com/bacola/product/naturally-flavored-salted-caramel-light-roast-coffee/","https://klbtheme.com/bacola/wp-content/uploads/2021/04/product-image-33-346x310.jpg","https://klbtheme.com/bacola/shop/page/3/330","Naturally Flavored Salted Caramel Light Roast Coffee","In Stock","Rated  out of 5","4.00","1","Ratings","7.00","","","","","Add to cart","https://klbtheme.com/bacola/shop/page/3/?add-to-cart=330"
"15%","https://klbtheme.com/bacola/product/nestle-original-coffee-mate-coffee-creamer/","https://klbtheme.com/bacola/wp-content/uploads/2021/04/product-image-32-346x310.jpg","https://klbtheme.com/bacola/shop/page/3/325","Nestle Original Coffee-Mate Coffee Creamer","In Stock","Rated  out of 5","5.00","1","Ratings","13.99","Original price was: $13.99.","11.99","$","Current price is: $11.99.","Add to cart","https://klbtheme.com/bacola/shop/page/3/?add-to-cart=325"
"","https://klbtheme.com/bacola/product/organic-100-grassfed-85_15-ground-beef/","https://klbtheme.com/bacola/wp-content/uploads/2021/04/product-image-31-346x310.jpg","https://klbtheme.com/bacola/shop/page/3/323","Organic 100% Grassfed 85_15 Ground Beef","In Stock","Rated  out of 5","4.00","1","Ratings","5.99","","","","","Add to cart","https://klbtheme.com/bacola/shop/page/3/?add-to-cart=323"
"22%","https://klbtheme.com/bacola/product/organic-cage-free-grade-a-large-brown-eggs/","https://klbtheme.com/bacola/wp-content/uploads/2021/04/product-image-30-346x310.jpg","https://klbtheme.com/bacola/shop/page/3/319","Organic Cage-Free Grade A Large Brown Eggs","In Stock","Rated  out of 5","5.00","1","Ratings","4.69","Original price was: $4.69.","3.69","$","Current price is: $3.69.","Add to cart","https://klbtheme.com/bacola/shop/page/3/?add-to-cart=319"
"","https://klbtheme.com/bacola/product/organic-frozen-triple-berry-blend/","https://klbtheme.com/bacola/wp-content/uploads/2021/04/product-image-29-346x310.jpg","https://klbtheme.com/bacola/shop/page/3/315","Organic Frozen Triple Berry Blend","In Stock","Rated  out of 5","5.00","1","Ratings","15.79","","","","","Add to cart","https://klbtheme.com/bacola/shop/page/3/?add-to-cart=315"
"12%","https://klbtheme.com/bacola/product/organic-maple-syrup/","https://klbtheme.com/bacola/wp-content/uploads/2021/04/product-image-28-346x310.jpg","https://klbtheme.com/bacola/shop/page/3/312","Organic Maple Syrup","In Stock","Rated  out of 5","5.00","1","Ratings","5.98","Original price was: $5.98.","5.28","$","Current price is: $5.28.","Add to cart","https://klbtheme.com/bacola/shop/page/3/?add-to-cart=312"
"51%","https://klbtheme.com/bacola/product/organic-white-corn-tortilla-chips/","https://klbtheme.com/bacola/wp-content/uploads/2021/04/product-image-27-346x310.jpg","https://klbtheme.com/bacola/shop/page/3/308","Organic White Corn Tortilla Chips","In Stock","Rated  out of 5","4.00","1","Ratings","5.99","Original price was: $5.99.","2.99","$","Current price is: $2.99.","Add to cart","https://klbtheme.com/bacola/shop/page/3/?add-to-cart=308"
"31%","https://klbtheme.com/bacola/product/original-buttery-spread/","https://klbtheme.com/bacola/wp-content/uploads/2021/04/product-image-26-346x310.jpg","https://klbtheme.com/bacola/shop/page/4/304","Original Buttery Spread","In Stock","Rated  out of 5","5.00","1","Ratings","3.29","Original price was: $3.29.","2.29","$","Current price is: $2.29.","Add to cart","https://klbtheme.com/bacola/shop/page/4/?add-to-cart=304"
"","https://klbtheme.com/bacola/product/oroweat-country-buttermilk-bread/","https://klbtheme.com/bacola/wp-content/uploads/2021/04/product-image-25-346x310.jpg","https://klbtheme.com/bacola/shop/page/4/299","Oroweat Country Buttermilk Bread","In Stock","","","","","4.25","","","","","Add to cart","https://klbtheme.com/bacola/shop/page/4/?add-to-cart=299"
"22%","https://klbtheme.com/bacola/product/pepperidge-farm-farmhouse-hearty-white-bread/","https://klbtheme.com/bacola/wp-content/uploads/2021/04/product-image-24-346x310.jpg","https://klbtheme.com/bacola/shop/page/4/294","Pepperidge Farm Farmhouse Hearty White Bread","In Stock","Rated  out of 5","5.00","1","Ratings","3.50","Original price was: $3.50.","2.75","$","Current price is: $2.75.","Add to cart","https://klbtheme.com/bacola/shop/page/4/?add-to-cart=294"
"","https://klbtheme.com/bacola/product/pepsi-cola-soda-2-l-bottle/","https://klbtheme.com/bacola/wp-content/uploads/2021/04/product-image-23-346x310.jpg","https://klbtheme.com/bacola/shop/page/4/289","Pepsi Cola Soda – 2 L Bottle","In Stock","Rated  out of 5","5.00","1","Ratings","5.05","","","","","Add to cart","https://klbtheme.com/bacola/shop/page/4/?add-to-cart=289"
"12%","https://klbtheme.com/bacola/product/perdue-simply-smart-organics-gluten-free-breaded-chicken-breast-nuggets/","https://klbtheme.com/bacola/wp-content/uploads/2021/04/product-image-22-346x310.jpg","https://klbtheme.com/bacola/shop/page/4/285","Perdue Simply Smart Organics Gluten Free Breaded Chicken Breast Nuggets","In Stock","Rated  out of 5","5.00","1","Ratings","8.99","Original price was: $8.99.","7.99","$","Current price is: $7.99.","Add to cart","https://klbtheme.com/bacola/shop/page/4/?add-to-cart=285"
"","https://klbtheme.com/bacola/product/premium-purified-water/","https://klbtheme.com/bacola/wp-content/uploads/2021/04/product-image-21-346x310.jpg","https://klbtheme.com/bacola/shop/page/4/281","Premium Purified Water","In Stock","Rated  out of 5","5.00","1","Ratings","2.33","","","","","Add to cart","https://klbtheme.com/bacola/shop/page/4/?add-to-cart=281"
"14%","https://klbtheme.com/bacola/product/raspberry-truffle-cookie/","https://klbtheme.com/bacola/wp-content/uploads/2021/04/product-image-20-346x310.jpg","https://klbtheme.com/bacola/shop/page/4/277","Raspberry Truffle Cookie","In Stock","Rated  out of 5","4.00","1","Ratings","14.99","Original price was: $14.99.","12.99","$","Current price is: $12.99.","Add to cart","https://klbtheme.com/bacola/shop/page/4/?add-to-cart=277"
"40%","https://klbtheme.com/bacola/product/texas-rio-red-grapefruit/","https://klbtheme.com/bacola/wp-content/uploads/2021/04/product-image-19-346x310.jpg","https://klbtheme.com/bacola/shop/page/4/274","Texas Rio Red Grapefruit","In Stock","Rated  out of 5","5.00","1","Ratings","7.50","Original price was: $7.50.","4.50","$","Current price is: $4.50.","Add to cart","https://klbtheme.com/bacola/shop/page/4/?add-to-cart=274"
"","https://klbtheme.com/bacola/product/rold-gold-tiny-twists-pretzels/","https://klbtheme.com/bacola/wp-content/uploads/2021/04/product-image-18-346x310.jpg","https://klbtheme.com/bacola/shop/page/4/270","Rold Gold Tiny Twists Pretzels","In Stock","Rated  out of 5","4.00","1","Ratings","2.99","","","","","Add to cart","https://klbtheme.com/bacola/shop/page/4/?add-to-cart=270"
"","https://klbtheme.com/bacola/product/shimmer-pastel-almond-blend/","https://klbtheme.com/bacola/wp-content/uploads/2021/04/product-image-17-346x310.jpg","https://klbtheme.com/bacola/shop/page/4/266","Shimmer Pastel Almond Blend","In Stock","Rated  out of 5","5.00","1","Ratings","7.71","","","","","Add to cart","https://klbtheme.com/bacola/shop/page/4/?add-to-cart=266"
"26%","https://klbtheme.com/bacola/product/signature-wood-fired-mushroom-and-caramelized-red-onion-frozen-pizza/","https://klbtheme.com/bacola/wp-content/uploads/2021/04/product-image-16-346x310.jpg","https://klbtheme.com/bacola/shop/page/4/263","Signature Wood-Fired Mushroom and Caramelized Red Onion Frozen Pizza","In Stock","Rated  out of 5","4.00","1","Ratings","7.99","Original price was: $7.99.","5.99","$","Current price is: $5.99.","Add to cart","https://klbtheme.com/bacola/shop/page/4/?add-to-cart=263"
"21%","https://klbtheme.com/bacola/product/simply-lemonade-with-raspberry-juice/","https://klbtheme.com/bacola/wp-content/uploads/2021/04/product-image-15-346x310.jpg","https://klbtheme.com/bacola/shop/page/4/258","Simply Lemonade with Raspberry Juice","In Stock","Rated  out of 5","4.00","1","Ratings","4.88","Original price was: $4.88.","3.88","$","Current price is: $3.88.","Add to cart","https://klbtheme.com/bacola/shop/page/4/?add-to-cart=258"
"21%","https://klbtheme.com/bacola/product/sol-ti-coconut-charcoal-superade/","https://klbtheme.com/bacola/wp-content/uploads/2021/04/product-image-14-346x310.jpg","https://klbtheme.com/bacola/shop/page/5/254","Sol-ti Coconut Charcoal SuperAde","In Stock","Rated  out of 5","4.00","1","Ratings","4.97","Original price was: $4.97.","3.97","$","Current price is: $3.97.","Add to cart","https://klbtheme.com/bacola/shop/page/5/?add-to-cart=254"
"","https://klbtheme.com/bacola/product/stok-un-sweet-black-cold-brew-iced-coffee/","https://klbtheme.com/bacola/wp-content/uploads/2021/04/product-image-13-346x310.jpg","https://klbtheme.com/bacola/shop/page/5/248","SToK Un-Sweet Black Cold Brew Iced Coffee","Out of stock","Rated  out of 5","3.00","1","Ratings","65.00","","","","","Read more","https://klbtheme.com/bacola/product/stok-un-sweet-black-cold-brew-iced-coffee/"
"25%","https://klbtheme.com/bacola/product/fresh-organic-strawberry/","https://klbtheme.com/bacola/wp-content/uploads/2021/04/product-image-12-346x310.jpg","https://klbtheme.com/bacola/shop/page/5/245","Fresh Organic Strawberry","In Stock","Rated  out of 5","5.00","1","Ratings","12.00","Original price was: $12.00.","9.00","$","Current price is: $9.00.","Add to cart","https://klbtheme.com/bacola/shop/page/5/?add-to-cart=245"
"15%","https://klbtheme.com/bacola/product/organic-sweet-lime/","https://klbtheme.com/bacola/wp-content/uploads/2021/04/product-image-11-346x310.jpg","https://klbtheme.com/bacola/shop/page/5/243","Organic Sweet Lime","In Stock","Rated  out of 5","4.00","1","Ratings","6.99","Original price was: $6.99.","5.99","$","Current price is: $5.99.","Add to cart","https://klbtheme.com/bacola/shop/page/5/?add-to-cart=243"
"19%","https://klbtheme.com/bacola/product/tomatoes-on-the-vine/","https://klbtheme.com/bacola/wp-content/uploads/2021/04/product-image-10-346x310.jpg","https://klbtheme.com/bacola/shop/page/5/240","Tomatoes on the Vine","In Stock","Rated  out of 5","3.00","1","Ratings","1.08","This product has multiple variants. The options may be chosen on the product page","4.32","$","","Select options","https://klbtheme.com/bacola/product/tomatoes-on-the-vine/"
"31%","https://klbtheme.com/bacola/product/tropicana-pineapple-mango-drink/","https://klbtheme.com/bacola/wp-content/uploads/2021/04/product-image-9-346x310.jpg","https://klbtheme.com/bacola/shop/page/5/236","Tropicana Pineapple Mango Drink","In Stock","Rated  out of 5","4.00","1","Ratings","3.29","Original price was: $3.29.","2.29","$","Current price is: $2.29.","Add to cart","https://klbtheme.com/bacola/shop/page/5/?add-to-cart=236"
"","https://klbtheme.com/bacola/product/unsalted-cashew-cranberry-almond-trail-mix/","https://klbtheme.com/bacola/wp-content/uploads/2021/04/product-image-8-346x310.jpg","https://klbtheme.com/bacola/shop/page/5/234","Unsalted Cashew Cranberry Almond Trail Mix","In Stock","Rated  out of 5","5.00","1","Ratings","8.00","","","","","Add to cart","https://klbtheme.com/bacola/shop/page/5/?add-to-cart=234"
"38%","https://klbtheme.com/bacola/product/usda-choice-angus-beef-stew-meat/","https://klbtheme.com/bacola/wp-content/uploads/2021/04/product-image-7-346x310.jpg","https://klbtheme.com/bacola/shop/page/5/231","USDA Choice Angus Beef Stew Meat","In Stock","Rated  out of 5","4.00","1","Ratings","79.99","Original price was: $79.99.","49.99","$","Current price is: $49.99.","Add to cart","https://klbtheme.com/bacola/shop/page/5/?add-to-cart=231"
"","https://klbtheme.com/bacola/product/valentines-day-pink-frosted-chocolate-cookies/","https://klbtheme.com/bacola/wp-content/uploads/2021/04/product-image-6-346x310.jpg","https://klbtheme.com/bacola/shop/page/5/225","Valentine’s Day Pink Frosted Chocolate Cookies","In Stock","Rated  out of 5","5.00","1","Ratings","15.00","","","","","Add to cart","https://klbtheme.com/bacola/shop/page/5/?add-to-cart=225"
"14%","https://klbtheme.com/bacola/product/vital-farms-pasture-raised-egg-bites-bacon-cheddar/","https://klbtheme.com/bacola/wp-content/uploads/2021/04/product-image-5-346x310.jpg","https://klbtheme.com/bacola/shop/page/5/221","Vital Farms Pasture-Raised Egg Bites Bacon & Cheddar","In Stock","Rated  out of 5","4.00","1","Ratings","29.00","Original price was: $29.00.","25.00","$","Current price is: $25.00.","Add to cart","https://klbtheme.com/bacola/shop/page/5/?add-to-cart=221"
"26%","https://klbtheme.com/bacola/product/warrior-blend-organic/","https://klbtheme.com/bacola/wp-content/uploads/2021/04/product-image-4-346x310.jpg","https://klbtheme.com/bacola/shop/page/5/217","Warrior Blend Organic","In Stock","Rated  out of 5","3.00","1","Ratings","39.00","Original price was: $39.00.","29.00","$","Current price is: $29.00.","Add to cart","https://klbtheme.com/bacola/shop/page/5/?add-to-cart=217"
"26%","https://klbtheme.com/bacola/product/werthers-original-caramel-hard-candies/","https://klbtheme.com/bacola/wp-content/uploads/2021/04/product-image-3-346x310.jpg","https://klbtheme.com/bacola/shop/page/5/209","Werther’s Original Caramel Hard Candies","In Stock","Rated  out of 5","5.00","1","Ratings","20.00","Original price was: $20.00.","14.97","$","Current price is: $14.97.","Add to cart","https://klbtheme.com/bacola/shop/page/5/?add-to-cart=209"
"40%","https://klbtheme.com/bacola/product/wheat-thins-original-crackers/","https://klbtheme.com/bacola/wp-content/uploads/2021/04/product-image-2-346x310.jpg","https://klbtheme.com/bacola/shop/page/6/204","Wheat Thins Original Crackers","In Stock","Rated  out of 5","5.00","1","Ratings","5.00","Original price was: $5.00.","3.00","$","Current price is: $3.00.","Add to cart","https://klbtheme.com/bacola/shop/page/6/?add-to-cart=204"
"","https://klbtheme.com/bacola/product/yellow-onions/","https://klbtheme.com/bacola/wp-content/uploads/2021/04/product-image-1-346x310.jpg","https://klbtheme.com/bacola/shop/page/6/202","Yellow Onions","In Stock","Rated  out of 5","4.00","1","Ratings","2.00","","","","","Add to cart","https://klbtheme.com/bacola/shop/page/6/?add-to-cart=202"
"26%","https://klbtheme.com/bacola/product/zevia-kidz-strawberry-lemonade-zero-calorie-soda/","https://klbtheme.com/bacola/wp-content/uploads/2021/04/product-image-346x310.jpg","https://klbtheme.com/bacola/shop/page/6/196","Zevia Kidz Strawberry Lemonade Zero Calorie Soda","In Stock","Rated  out of 5","5.00","1","Ratings","7.95","Original price was: $7.95.","5.95","$","Current price is: $5.95.","Buy product","https://themeforest.net/user/klbtheme/portfolio"